COUNTRY,COURSE TYPE,COURSE (SPECIALIZATION),FEES,FEES_NORMALIZED,FEE_CATEGORY,DESVIACION_FEE
AUSTRALIA,MBA,MBA in Sales & Marketing,1818006.2,0.002803492774221951,Media,-193667.8092857143
AUSTRALIA,MBA,MBA in Supply Chain & Logistics Management,1625717.08,0.002499367219357331,Media,-385956.92928571417
AUSTRALIA,MBA,MBA in Business Administration,2150141.94,0.0033288005306767697,Media,138467.9307142857
AUSTRALIA,MBA,MBA in Entrepreneurship & Leadership Management,1362958.37,0.002083786564173814,Media,-648715.6392857141
AUSTRALIA,MBA,MBA in Executive MBA,3660048.53,0.005716877294861333,Alta,1648374.5207142856
AUSTRALIA,MBA,MBA in Finance,1496795.97,0.0022954648658985765,Media,-514878.0392857143
AUSTRALIA,MASTERS OF MANAGEMENT,MASTERS OF MANAGEMENT in Hotel Management,1409391.82,0.002157225970134633,Media,-602282.1892857142
AUSTRALIA,MASTERS OF MANAGEMENT,MASTERS OF MANAGEMENT in Marketing,1311062.16,0.0020017072262392445,Media,-700611.8492857143
AUSTRALIA,MASTERS OF MANAGEMENT,MASTERS OF MANAGEMENT in Logistics & Supply Chain ,1622439.42,0.002494183253846658,Media,-389234.5892857143
AUSTRALIA,MASTERS OF MANAGEMENT,MASTERS OF MANAGEMENT in Finance,1606051.15,0.0024682634737414645,Media,-405622.85928571434
AUSTRALIA,MASTERS OF MANAGEMENT,MASTERS OF MANAGEMENT in International Business ,1606051.15,0.0024682634737414645,Media,-405622.85928571434
AUSTRALIA,MASTERS OF MANAGEMENT,MASTERS OF MANAGEMENT in Supply Chain Management,2040012.72,0.003154619536248651,Media,28338.710714285728
AUSTRALIA,MASTERS OF MANAGEMENT,MASTERS OF MANAGEMENT in Human Resource Management,2312713.65,0.003585924862563255,Alta,301039.64071428566
AUSTRALIA,MASTERS OF MANAGEMENT,MASTERS OF MANAGEMENT in Banking,2467418.99,0.0038306076993666056,Alta,455744.980714286
AUSTRALIA,MASTERS OF MANAGEMENT,MASTERS OF MANAGEMENT in Accounting,2576674.17,0.004003406307209492,Alta,565000.1607142857
AUSTRALIA,MASTERS OF MANAGEMENT,MASTERS OF MANAGEMENT in Communication,2107860.19,0.0032619274768118543,Media,96186.1807142857
AUSTRALIA,MASTERS OF MANAGEMENT,MASTERS OF MANAGEMENT in Business Administration,2312713.65,0.003585924862563255,Alta,301039.64071428566
AUSTRALIA,MASTERS OF MANAGEMENT,MASTERS OF MANAGEMENT in Project Management,2467418.99,0.0038306076993666056,Alta,455744.980714286
AUSTRALIA,MASTERS OF MANAGEMENT,MASTERS OF MANAGEMENT in Entrepreneurship & Leadership Management,1468389.62,0.002250537222798288,Media,-543284.3892857141
AUSTRALIA,MASTERS OF MANAGEMENT,MASTERS OF MANAGEMENT in Environment,1584200.11,0.0024337037458464646,Media,-427473.89928571414
AUSTRALIA,M.ENG,M.ENG in Mechanical,2258523.08,0.0035002167519344266,Alta,246849.07071428583
AUSTRALIA,M.ENG,M.ENG in Electrical,2281248.16,0.003536158866414658,Alta,269574.1507142859
AUSTRALIA,M.ENG,M.ENG in Architecture,1627902.18,0.002502823185820408,Media,-383771.8292857143
AUSTRALIA,M.ENG,M.ENG in Civil Engineering,2257430.53,0.0034984887687028875,Alta,245756.52071428555
AUSTRALIA,M.ENG,M.ENG in Chemical,1963097.07,0.0030329693111395915,Media,-48576.93928571418
AUSTRALIA,M.ENG,M.ENG in Computer Engineering,2125013.25,0.0032890568530871537,Media,113339.24071428576
AUSTRALIA,M.ENG,M.ENG in Mining,1928353.93,0.002978019365296378,Media,-83320.07928571431
AUSTRALIA,M.ENG,M.ENG in Aerospace Engineering,2125013.25,0.0032890568530871537,Media,113339.24071428576
AUSTRALIA,M.ENG,M.ENG in Agriculture,2239731.19,0.003470495392903791,Media,228057.1807142857
AUSTRALIA,M.ENG,M.ENG in Biological,2258523.08,0.0035002167519344266,Alta,246849.07071428583
AUSTRALIA,M.ENG,M.ENG in Mechatronics,1928353.93,0.002978019365296378,Media,-83320.07928571431
AUSTRALIA,M.ENG,M.ENG in Energy Engineering,1928353.93,0.002978019365296378,Media,-83320.07928571431
AUSTRALIA,M.ENG,M.ENG in Food Technology,2255026.92,0.0034946872055935025,Media,243352.91071428568
AUSTRALIA,M.ENG,M.ENG in Software,1928353.93,0.002978019365296378,Media,-83320.07928571431
AUSTRALIA,M.Sc,M.Sc in Physics,1911965.65,0.002952099569375128,Media,-99708.35928571434
AUSTRALIA,M.Sc,M.Sc in Chemistry,1518647.0,0.0023300245779775204,Media,-493027.00928571424
AUSTRALIA,M.Sc,"M.Sc in 
Biology",2346801.27,0.003639838034283602,Alta,335127.2607142858
AUSTRALIA,M.Sc,M.Sc in Psychology ,2256775.0,0.003497451978763965,Media,245100.99071428576
AUSTRALIA,M.Sc,M.Sc in Environment,2346801.27,0.003639838034283602,Alta,335127.2607142858
AUSTRALIA,M.Sc,M.Sc in Agriculture,2181607.43,0.0033785665268253676,Media,169933.42071428592
AUSTRALIA,M.Sc,M.Sc in Mathematics,2004832.55,0.003098978381296766,Media,-6841.459285714198
AUSTRALIA,M.Sc,M.Sc in Communication,1811887.91,0.002793816052309278,Media,-199786.09928571433
BELGIUM,MBA,MBA in Business Administartion,3524922.18,0.005503160698880339,Alta,2530682.2772413795
BELGIUM,MBA,MBA in Supply Chain And Logistic,1170605.01,0.0017795594069634935,Media,176365.10724137945
BELGIUM,MBA,MBA in Executive MBA,3524922.18,0.005503160698880339,Alta,2530682.2772413795
BELGIUM,MASTERS OF MANAGEMENT,MASTERS OF MANAGEMENT in Marketing,1355913.14,0.002072643788738059,Media,361673.23724137933
BELGIUM,MASTERS OF MANAGEMENT,MASTERS OF MANAGEMENT in Management,1170605.01,0.0017795594069634935,Media,176365.10724137945
BELGIUM,MASTERS OF MANAGEMENT,MASTERS OF MANAGEMENT in General Management,3524922.18,0.005503160698880339,Alta,2530682.2772413795
BELGIUM,MASTERS OF MANAGEMENT,MASTERS OF MANAGEMENT in Global Management,1170605.01,0.0017795594069634935,Media,176365.10724137945
BELGIUM,MASTERS OF MANAGEMENT,"MASTERS OF MANAGEMENT in 
Finance",1170605.01,0.0017795594069634935,Media,176365.10724137945
BELGIUM,MASTERS OF MANAGEMENT,MASTERS OF MANAGEMENT in International Business,1373991.98,0.002101237383873908,Media,379752.0772413794
BELGIUM,MASTERS OF MANAGEMENT,"MASTERS OF MANAGEMENT in 
Information Technology",158189.87,0.00017831792119538285,Baja,-836050.0327586206
BELGIUM,MASTERS OF MANAGEMENT,MASTERS OF MANAGEMENT in Business Administartion,1310716.03,0.0020011597850823804,Media,316476.12724137946
BELGIUM,MASTERS OF MANAGEMENT,MASTERS OF MANAGEMENT in Economics College,3663677.3,0.00572261657792491,Alta,2669437.397241379
BELGIUM,MASTERS OF MANAGEMENT,MASTERS OF MANAGEMENT in Entreprenuer and Leadership,1309930.0,0.0019999165956086844,Media,315690.09724137944
BELGIUM,M.ENG,M.ENG in Mechanical,504097.2,0.0007254069019343317,Baja,-490142.70275862055
BELGIUM,M.ENG,M.ENG in Electrical,594437.2,0.000868289154588407,Baja,-399802.7027586206
BELGIUM,M.ENG,M.ENG in Architecture,316190.0,0.0004282118164138548,Baja,-678049.9027586206
BELGIUM,M.ENG,M.ENG in Civil,130993.0,0.00013530319847300024,Baja,-863246.9027586206
BELGIUM,M.ENG,M.ENG in Chemical,542040.0,0.0007854174480490433,Baja,-452199.90275862056
BELGIUM,M.ENG,M.ENG in Agriculture,130993.0,0.00013530319847300024,Baja,-863246.9027586206
BELGIUM,M.ENG,M.ENG in Biology,311673.0,0.00042106770378115105,Baja,-682566.9027586206
BELGIUM,M.ENG,M.ENG in Biomedical,542040.0,0.0007854174480490433,Baja,-452199.90275862056
BELGIUM,M.ENG,M.ENG in Materials,542040.0,0.0007854174480490433,Baja,-452199.90275862056
BELGIUM,M.ENG,M.ENG in Nuclear,80402.6,5.5289136986718036e-05,Baja,-913837.3027586206
BELGIUM,M.Sc,M.Sc in Physics,81848.04,5.757525302918322e-05,Baja,-912391.8627586205
BELGIUM,M.Sc,M.Sc in Chemistry,172188.04,0.00020045750568325866,Baja,-822051.8627586205
BELGIUM,M.Sc,M.Sc in Biology,130993.0,0.00013530319847300024,Baja,-863246.9027586206
BELGIUM,M.Sc,M.Sc in Psychology ,130993.0,0.00013530319847300024,Baja,-863246.9027586206
BELGIUM,M.Sc,M.Sc in Environment,90340.0,7.100618477866632e-05,Baja,-903899.9027586206
BELGIUM,M.Sc,M.Sc in Data Analysis,102084.2,8.958087762369612e-05,Baja,-892155.7027586206
CANADA,MBA,MBA in Executive MBA,2261903.85,0.0035055637968016543,Alta,424540.0725423731
CANADA,MBA,MBA in Banking,1735926.81,0.0026736755488547567,Media,-101436.96745762695
CANADA,MBA,MBA in Business Administration,3868254.57,0.006046177140017239,Alta,2030890.7925423728
CANADA,MBA,MBA in Hospital/Healthcare Management,2357658.81,0.0036570103806803445,Alta,520295.03254237305
CANADA,MBA,MBA in Human Resource Management,1675711.67,0.0025784389443929395,Media,-161652.10745762708
CANADA,MBA,MBA in International Business,1735926.81,0.0026736755488547567,Media,-101436.96745762695
CANADA,MBA,MBA in Entrepreneurship & Leadership Management,1735926.81,0.0026736755488547567,Media,-101436.96745762695
CANADA,MBA,MBA in Project Management,1557552.52,0.002391557767464771,Media,-279811.257457627
CANADA,MBA,MBA in Marketing,1387219.19,0.0021221576136849388,Media,-450144.58745762706
CANADA,MASTERS OF MANAGEMENT,MASTERS OF MANAGEMENT in Hotel Management,1012792.77,0.0015299626796269252,Media,-824571.007457627
CANADA,MASTERS OF MANAGEMENT,MASTERS OF MANAGEMENT in Marketing,994501.12,0.0015010325029968618,Media,-842862.657457627
CANADA,MASTERS OF MANAGEMENT,MASTERS OF MANAGEMENT in Event Management,985478.06,0.0014867615804970515,Media,-851885.717457627
CANADA,MASTERS OF MANAGEMENT,MASTERS OF MANAGEMENT in Logistics & Supply Chain ,869712.77,0.0013036665460233708,Media,-967651.007457627
CANADA,MASTERS OF MANAGEMENT,MASTERS OF MANAGEMENT in International Business ,2949682.22,0.004593357939289458,Alta,1112318.4425423732
CANADA,MASTERS OF MANAGEMENT,MASTERS OF MANAGEMENT in Supply Chain Management,1507403.93,0.0023122424751620737,Media,-329959.84745762707
CANADA,MASTERS OF MANAGEMENT,MASTERS OF MANAGEMENT in Hospital/Healthcare Management,3729532.65,0.005826773770279598,Alta,1892168.872542373
CANADA,MASTERS OF MANAGEMENT,MASTERS OF MANAGEMENT in Real Estate,859339.32,0.0012872598390962684,Media,-978024.457457627
CANADA,MASTERS OF MANAGEMENT,MASTERS OF MANAGEMENT in Human Resource Management,890030.01,0.0013358004072023999,Media,-947333.767457627
CANADA,MASTERS OF MANAGEMENT,MASTERS OF MANAGEMENT in Risk Management,1103453.07,0.0016733515205644312,Media,-733910.7074576269
CANADA,MASTERS OF MANAGEMENT,"MASTERS OF MANAGEMENT in Sports,Leisure & Tourism",767267.25,0.0011416381347778746,Baja,-1070096.527457627
CANADA,MASTERS OF MANAGEMENT,MASTERS OF MANAGEMENT in Eco-Design & Sustainable,2739082.7,0.004260272552689203,Alta,901718.9225423732
CANADA,MASTERS OF MANAGEMENT,MASTERS OF MANAGEMENT in Tourism,1619240.8,0.0024891242984450158,Media,-218122.97745762696
CANADA,MASTERS OF MANAGEMENT,MASTERS OF MANAGEMENT in Data Analysis,3255975.3,0.005077792799182693,Alta,1418611.5225423728
CANADA,MASTERS OF MANAGEMENT,MASTERS OF MANAGEMENT in Digital Marketing,2930224.32,0.004562583215092892,Alta,1092860.5425423728
CANADA,MASTERS OF MANAGEMENT,MASTERS OF MANAGEMENT in Leadership,1659138.7,0.0025522270417278033,Media,-178225.07745762705
CANADA,MASTERS OF MANAGEMENT,MASTERS OF MANAGEMENT in Public Relations Management,1074296.91,0.0016272379737463807,Media,-763066.8674576271
CANADA,MASTERS OF MANAGEMENT,MASTERS OF MANAGEMENT in Sports Management,3831425.74,0.005987928455126671,Alta,1994061.9625423732
CANADA,MASTERS OF MANAGEMENT,MASTERS OF MANAGEMENT in Stratergic Management,1103453.07,0.0016733515205644312,Media,-733910.7074576269
CANADA,MASTERS OF MANAGEMENT,MASTERS OF MANAGEMENT in Business Analytics,2785180.12,0.004333180491710025,Alta,947816.3425423731
CANADA,MASTERS OF MANAGEMENT,MASTERS OF MANAGEMENT in Purchasing & resourcing,767267.25,0.0011416381347778746,Baja,-1070096.527457627
CANADA,MASTERS OF MANAGEMENT,MASTERS OF MANAGEMENT in Project Management,3831425.74,0.005987928455126671,Alta,1994061.9625423732
CANADA,M.ENG,M.ENG in Mechanical,3366154.88,0.005252053443270361,Alta,1528791.102542373
CANADA,M.ENG,M.ENG in Electrical,978603.34,0.0014758884846373433,Media,-858760.437457627
CANADA,M.ENG,M.ENG in Architecture,1069671.21,0.001619921940581648,Media,-767692.567457627
CANADA,M.ENG,M.ENG in Civil ,1102470.97,0.0016717982256747744,Media,-734892.807457627
CANADA,M.ENG,M.ENG in IT & Networking,1726719.6,0.0026591133736781005,Media,-110644.17745762691
CANADA,M.ENG,M.ENG in Chemical,3366154.88,0.005252053443270361,Alta,1528791.102542373
CANADA,M.ENG,M.ENG in Computer Science Engineering,2802428.29,0.004360460294496835,Alta,965064.512542373
CANADA,M.ENG,M.ENG in Aerospace,3366154.88,0.005252053443270361,Alta,1528791.102542373
CANADA,M.ENG,M.ENG in Agriculture,1069671.21,0.001619921940581648,Media,-767692.567457627
CANADA,M.ENG,M.ENG in Biomedical,528186.77,0.0007635071014812437,Baja,-1309177.007457627
CANADA,M.ENG,M.ENG in Biology,681149.17,0.0010054332945670724,Baja,-1156214.607457627
CANADA,M.ENG,M.ENG in Environmental,2963124.74,0.0046146187046087785,Alta,1125760.9625423732
CANADA,M.ENG,M.ENG in Mining,1194972.71,0.0018180994984844003,Media,-642391.067457627
CANADA,M.ENG,M.ENG in Industrial,1321234.2,0.0020177953819763197,Media,-516129.57745762705
CANADA,M.ENG,M.ENG in Nanotechnology,1961135.09,0.003029866232524778,Media,123771.31254237308
CANADA,M.ENG,M.ENG in Nuclear ,1310369.7,0.0020006120276043894,Media,-526994.077457627
CANADA,M.ENG,M.ENG in Software,3527096.86,0.005506600185012747,Alta,1689733.0825423729
CANADA,M.ENG,M.ENG in Texttile,1068036.01,0.0016173356990547504,Media,-769327.767457627
CANADA,M.Sc,M.Sc in Physics,3101854.12,0.004834033873124422,Alta,1264490.342542373
CANADA,M.Sc,M.Sc inChemistry,658853.87,0.0009701709225546923,Baja,-1178509.907457627
CANADA,M.Sc,M.Sc inBiology,2635909.31,0.004097092938153477,Alta,798545.532542373
CANADA,M.Sc,M.Sc inPsychology ,720276.11,0.0010673166831730147,Baja,-1117087.6674576271
CANADA,M.Sc,M.Sc inNursing,802501.66,0.001197365076019155,Baja,-1034862.117457627
CANADA,M.Sc,M.Sc inEnvironment,442980.92,0.000628745049374699,Baja,-1394382.857457627
CANADA,M.Sc,M.Sc inAgriculture,1821061.47,0.00280832500645647,Media,-16302.30745762703
CANADA,M.Sc,M.Sc inEnergy & Environment,1063314.7,0.001609868448575691,Media,-774049.077457627
CANADA,M.Sc,M.Sc inZoology,1363635.52,0.0020848575484264673,Media,-473728.257457627
CANADA,M.Sc,M.Sc inMathematics,2808755.82,0.004370467951571621,Alta,971392.0425423728
CHINA,MBA,MBA in Finance & Accounting,632314312.0,1.0,Alta,612215635.1066667
CHINA,MBA,MBA in Business Administration,5580058.06,0.008753575178010464,Alta,-14518618.833333336
CHINA,MBA,MBA in International Business,1181726.0,0.001797148427363576,Media,-18916950.893333334
CHINA,MBA,MBA in General Management,889021.56,0.0013342054370043812,Media,-19209655.333333336
CHINA,MBA,MBA in Global Business Management,1251175.13,0.001906989562400832,Media,-18847501.763333336
CHINA,MBA,MBA in Executive MBA,1136843.83,0.0017261625345851483,Media,-18961833.063333333
CHINA,MASTERS OF MANAGEMENT,MASTERS OF MANAGEMENT in Marketing,214962.05,0.00026810912073581505,Baja,-19883714.843333334
CHINA,MASTERS OF MANAGEMENT,MASTERS OF MANAGEMENT in Logistics & Supply Chain ,253983.09,0.00032982501730549385,Baja,-19844693.803333335
CHINA,MASTERS OF MANAGEMENT,MASTERS OF MANAGEMENT in International Business ,311706.52,0.00042112071920188347,Baja,-19786970.373333335
CHINA,MASTERS OF MANAGEMENT,MASTERS OF MANAGEMENT in Finance,265527.78,0.00034808416401119435,Baja,-19833149.113333333
CHINA,MASTERS OF MANAGEMENT,MASTERS OF MANAGEMENT in Hospital/Healthcare Management,4202265.69,0.006574451008039275,Alta,-15896411.203333333
CHINA,MASTERS OF MANAGEMENT,MASTERS OF MANAGEMENT in Human Resource Management,372893.36,0.0005178941698548,Baja,-19725783.533333335
CHINA,MASTERS OF MANAGEMENT,MASTERS OF MANAGEMENT in Risk Management,203186.47,0.000249484797106102,Baja,-19895490.423333336
CHINA,MASTERS OF MANAGEMENT,MASTERS OF MANAGEMENT in Project Management,253983.09,0.00032982501730549385,Baja,-19844693.803333335
CHINA,MASTERS OF MANAGEMENT,MASTERS OF MANAGEMENT in Environment,311706.52,0.00042112071920188347,Baja,-19786970.373333335
CHINA,MASTERS OF MANAGEMENT,MASTERS OF MANAGEMENT in Finance,184714.98,0.00022027018451946015,Baja,-19913961.913333334
CHINA,M.ENG,M.ENG in Mechanical,412672.7,0.0005808093979740426,Baja,-19686004.193333335
CHINA,M.ENG,M.ENG in Electrical,1551098.16,0.0023813495153478747,Media,-18547578.733333334
CHINA,M.ENG,"M.ENG in 
Architecture",908534.05,0.0013650665010523128,Media,-19190142.843333334
CHINA,M.ENG,M.ENG in Civil ,1551098.16,0.0023813495153478747,Media,-18547578.733333334
CHINA,M.ENG,M.ENG in Chemical,642000.0,0.0009435147468679649,Baja,-19456676.893333334
CHINA,M.ENG,M.ENG in Computer Science Engineering,1551206.08,0.0023815202022275123,Media,-18547470.813333333
CHINA,M.ENG,M.ENG in Agriculture,276930.71,0.0003661191023027234,Baja,-19821746.183333334
CHINA,M.ENG,M.ENG in Biomedical,433000.0,0.0006129591701057139,Baja,-19665676.893333334
CHINA,M.ENG,M.ENG in Environmental,253853.15,0.0003296195034698743,Baja,-19844823.743333336
CHINA,M.ENG,"M.ENG in 
Food Technology",147696.38,0.0001617213583284024,Baja,-19950980.513333336
CHINA,M.ENG,M.ENG in Industrial,253853.15,0.0003296195034698743,Baja,-19844823.743333336
CHINA,M.Sc,M.Sc in Physics,346163.39,0.0004756178988012706,Baja,-19752513.503333334
CHINA,M.Sc,M.Sc in Chemistry,403857.29,0.0005668668958833931,Baja,-19694819.603333335
CHINA,M.Sc,M.Sc in Biology,4996291.59,0.007830286842195569,Alta,-15102385.303333335
CHINA,M.Sc,M.Sc in Environment,161542.92,0.00018362112395453438,Baja,-19937133.973333333
CHINA,M.Sc,M.Sc in Agriculture,253853.15,0.0003296195034698743,Baja,-19844823.743333336
CHINA,M.Sc,M.Sc in Mathematics,184620.47,0.00022012070697132713,Baja,-19914056.423333336
FRANCE,MBA,MBA in Sales & Marketing,2164886.74,0.0033521209893765023,Media,798421.675
FRANCE,MBA,MBA inBanking,893015.78,0.0013405227178456029,Media,-473449.28500000015
FRANCE,MBA,MBA inBusiness Administration,2836903.66,0.004414986733800385,Alta,1470438.595
FRANCE,MBA,MBA in Hospital/Healthcare Management,856934.33,0.0012834560933711132,Media,-509530.7350000002
FRANCE,MBA,MBA in Human Resource Management,630523.26,0.000925363070264853,Baja,-735941.8050000002
FRANCE,MBA,MBA in Internal Business,2164886.74,0.0033521209893765023,Media,798421.675
FRANCE,MBA,MBA in Supply Chain & Logistics Management,1204218.25,0.0018327222966048715,Media,-162246.81500000018
FRANCE,MBA,MBA in Global Business Management,9200768.64,0.014480111417537186,Alta,7834303.575
FRANCE,MBA,MBA in Entrepreneurship & Leadership Management,1082443.37,0.0016401224607505466,Media,-284021.69500000007
FRANCE,MBA,MBA in Tourism,802812.17,0.0011978561803834633,Baja,-563652.8950000001
FRANCE,MBA,MBA in Business Engineer,1170842.91,0.0017799356709429755,Media,-195622.15500000026
FRANCE,MBA,MBA in Finance,981415.32,0.0014803359280380318,Media,-385049.7450000002
FRANCE,MBA,MBA in Accounting,893015.78,0.0013405227178456029,Media,-473449.28500000015
FRANCE,MBA,MBA in Project Management,1082443.37,0.0016401224607505466,Media,-284021.69500000007
FRANCE,MBA,MBA in Gastronomy,1649824.1,0.002537495017922494,Media,283359.0349999999
FRANCE,MBA,MBA in Information Technology,1469416.87,0.002252161927182159,Media,102951.80499999993
FRANCE,MBA,MBA in Leadership Management,3517940.95,0.005492119146204933,Alta,2151475.885
FRANCE,MBA,MBA in Luxury Management,1249320.06,0.0019040555732439694,Media,-117145.00500000012
FRANCE,MBA,MBA in Wine Marketing & Management,978709.21,0.0014760559292254381,Media,-387755.8550000002
FRANCE,MASTERS OF MANAGEMENT,MASTERS OF MANAGEMENT in Hotel Management,631792.0,0.0009273697165924192,Baja,-734673.0650000002
FRANCE,MASTERS OF MANAGEMENT,MASTERS OF MANAGEMENT in Management,1791581.6,0.00276169947807979,Media,425116.5349999999
FRANCE,MASTERS OF MANAGEMENT,MASTERS OF MANAGEMENT in Marketing,2518142.4,0.003910832130217792,Alta,1151677.3349999997
FRANCE,MASTERS OF MANAGEMENT,MASTERS OF MANAGEMENT in Event Management,1362865.6,0.0020836398386194777,Media,-3599.465000000084
FRANCE,MASTERS OF MANAGEMENT,MASTERS OF MANAGEMENT in Luxury and Brand,1252028.57,0.0019083393679100763,Media,-114436.49500000011
FRANCE,MASTERS OF MANAGEMENT,MASTERS OF MANAGEMENT in Digital Marketing & E-Business,1916462.5,0.002959211812654378,Media,549997.4349999998
FRANCE,MASTERS OF MANAGEMENT,MASTERS OF MANAGEMENT in Logistic and Supply Chain,1057670.34,0.0016009412970194531,Media,-308794.7250000001
FRANCE,MASTERS OF MANAGEMENT,MASTERS OF MANAGEMENT in International Corporate Finance,1057670.34,0.0016009412970194531,Media,-308794.7250000001
FRANCE,MASTERS OF MANAGEMENT,MASTERS OF MANAGEMENT in International Business,894951.83,0.0013435847854264189,Media,-471513.2350000002
FRANCE,MASTERS OF MANAGEMENT,MASTERS OF MANAGEMENT in Real Estate,1012470.75,0.0015294533709818104,Media,-353994.3150000002
FRANCE,MASTERS OF MANAGEMENT,MASTERS OF MANAGEMENT in Human Resource ,1645264.98,0.002530284288060636,Media,278799.9149999998
FRANCE,MASTERS OF MANAGEMENT,MASTERS OF MANAGEMENT in Risk Management,1627185.14,0.0025016891113191562,Media,260720.07499999972
FRANCE,MASTERS OF MANAGEMENT,MASTERS OF MANAGEMENT in International Sports And Event Management,1572945.64,0.0024159036127268307,Media,206480.57499999972
FRANCE,M.ENG,M.ENG in ME/M.TECH,786472.82,0.0011720137724257108,Baja,-579992.2450000002
FRANCE,M.ENG,M.ENG in Electtical Engineering,813592.57,0.0012149065217218736,Baja,-552872.4950000002
FRANCE,M.ENG,M.ENG in Architecture,1627185.14,0.0025016891113191562,Media,260720.07499999972
FRANCE,M.ENG,M.ENG in Civil Engineering,451995.87,0.0006430031450528466,Baja,-914469.1950000002
FRANCE,M.ENG,M.ENG in IT Engineering,922794.77,0.0013876213360984608,Media,-443670.29500000016
FRANCE,M.ENG,M.ENG in Computer Engineering,1242988.65,0.0018940417795393362,Media,-123476.41500000027
FRANCE,M.ENG,M.ENG in Aerospace Engineering,271197.52,0.0003570514567183331,Baja,-1095267.5450000002
FRANCE,M.ENG,M.ENG in Agriculture,645319.52,0.0009487649183903278,Baja,-721145.5450000002
FRANCE,M.ENG,M.ENG in Biology,1397251.97,0.0021380255150219188,Media,30786.904999999795
FRANCE,M.ENG,M.ENG in Biomedical,933440.3,0.0014044583662854936,Media,-433024.76500000013
FRANCE,M.ENG,M.ENG in Business Administration,1536041.0,0.002357535026313418,Media,169575.93499999982
FRANCE,M.ENG,M.ENG in Energy Engineering,342655.3,0.0004700694839051754,Baja,-1023809.7650000001
FRANCE,M.ENG,M.ENG in Food Technology,781654.0,0.0011643922995816273,Baja,-584811.0650000002
FRANCE,M.ENG,"M.ENG in 
Industrial",454450.0,0.0006468846108786818,Baja,-912015.0650000002
FRANCE,M.ENG,M.ENG in Materials,342655.3,0.0004700694839051754,Baja,-1023809.7650000001
FRANCE,M.ENG,M.ENG in Nuclear ,1090680.0,0.001653149561134409,Media,-275785.0650000002
FRANCE,M.ENG,M.ENG in Production,1136125.0,0.001725025629009818,Media,-230340.06500000018
FRANCE,M.ENG,"M.ENG in 
Risk Management",1249737.5,0.0019047157986983407,Media,-116727.56500000018
FRANCE,M.ENG,M.ENG in Texttile,2726700.0,0.004240688004649136,Alta,1360234.9349999998
FRANCE,M.ENG,M.ENG in Transportation,899811.0,0.0013512700760576909,Media,-466654.0650000002
FRANCE,M.Sc,M.Sc in Physics,1397251.97,0.0021380255150219188,Media,30786.904999999795
FRANCE,M.Sc,M.Sc in Chemistry,45445.0,0.0,Baja,-1321020.0650000002
FRANCE,M.Sc,M.Sc in Biology,45445.0,0.0,Baja,-1321020.0650000002
FRANCE,M.Sc,M.Sc in Botany,2181360.0,0.003378175190144227,Media,814894.9349999998
FRANCE,M.Sc,M.Sc in Agriculture,3181150.0,0.004959448683403227,Alta,1814684.9349999998
FRANCE,M.Sc,M.Sc in Security Science,772565.0,0.0011500170860065453,Baja,-593900.0650000002
FRANCE,M.Sc,M.Sc in Mathematics,363560.0,0.0005031324751278636,Baja,-1002905.0650000002
FRANCE,M.Sc,M.Sc in Business & Finance,1177025.5,0.0017897140900976862,Media,-189439.56500000018
GERMANY,MBA,MBA in Sales & Marketing ,3678127.31,0.0057454707951008445,Alta,2323512.7263934426
GERMANY,MBA,MBA in Banking,1253594.37,0.0019108158460062214,Media,-101020.21360655734
GERMANY,MBA,MBA in Business Administration,454540.69,0.0006470280466933065,Baja,-900073.8936065575
GERMANY,MBA,MBA in Hospital/Healthcare Management,3246719.22,0.005063153330938878,Alta,1892104.6363934427
GERMANY,MBA,MBA in Human Resource Management,1217519.71,0.0018537599606339623,Media,-137094.8736065575
GERMANY,MBA,MBA in Internal Business,1442986.32,0.002210359220486496,Media,88371.73639344261
GERMANY,MBA,MBA in Supply Chain & Logistics Management,1112181.71,0.001687156786734527,Media,-242432.8736065575
GERMANY,MBA,MBA in General Management,1420439.66,0.002174699296082848,Media,65825.07639344246
GERMANY,MBA,MBA in Global Business Management,1339271.68,0.002046323561903294,Media,-15342.90360655752
GERMANY,MBA,MBA in Entrepreneurship & Leadership Management,1147174.12,0.0017425009794132407,Media,-207440.46360655734
GERMANY,MBA,MBA in Tourism,1217519.71,0.0018537599606339623,Media,-137094.8736065575
GERMANY,MBA,MBA in Business Engineer,1316725.02,0.002010663637499646,Media,-37889.563606557436
GERMANY,MBA,MBA in Finance,1442986.32,0.002210359220486496,Media,88371.73639344261
GERMANY,MBA,MBA in Accounting,1354964.15,0.0020711428608108265,Media,349.56639344245195
GERMANY,MBA,MBA in Project Management,1112181.71,0.001687156786734527,Media,-242432.8736065575
GERMANY,MBA,MBA in E-Sports Management,1354964.15,0.0020711428608108265,Media,349.56639344245195
GERMANY,MASTERS OF MANAGEMENT,MASTERS OF MANAGEMENT in Hotel Management,1226769.15,0.0018683889270163922,Media,-127845.43360655755
GERMANY,MASTERS OF MANAGEMENT,MASTERS OF MANAGEMENT in Marketing,1082894.39,0.001640835796521988,Media,-271720.19360655756
GERMANY,MASTERS OF MANAGEMENT,MASTERS OF MANAGEMENT in Event Management,938117.59,0.0014118559944847008,Media,-416496.9936065575
GERMANY,MASTERS OF MANAGEMENT,MASTERS OF MANAGEMENT in Luxury & Brand,1028321.2,0.0015545225319468401,Media,-326293.3836065575
GERMANY,MASTERS OF MANAGEMENT,MASTERS OF MANAGEMENT in Logistics & Supply Chain ,1195197.89,0.001818455644440263,Media,-159416.69360655756
GERMANY,MASTERS OF MANAGEMENT,MASTERS OF MANAGEMENT in International Business ,1082894.39,0.001640835796521988,Media,-271720.19360655756
GERMANY,MASTERS OF MANAGEMENT,MASTERS OF MANAGEMENT in Supply Chain Management,1533461.44,0.0023534551796933565,Media,178846.8563934425
GERMANY,MASTERS OF MANAGEMENT,MASTERS OF MANAGEMENT in Hospital/Healthcare Management,1195197.89,0.001818455644440263,Media,-159416.69360655756
GERMANY,MASTERS OF MANAGEMENT,MASTERS OF MANAGEMENT in Real Estate,3047078.08,0.004747399779847139,Alta,1692463.4963934426
GERMANY,MASTERS OF MANAGEMENT,MASTERS OF MANAGEMENT in Human Resource Management,1195197.89,0.001818455644440263,Media,-159416.69360655756
GERMANY,MASTERS OF MANAGEMENT,MASTERS OF MANAGEMENT in Risk Management,755906.29,0.001123669576474655,Baja,-598708.2936065574
GERMANY,MASTERS OF MANAGEMENT,"MASTERS OF MANAGEMENT in Sports,Leisure & Tourism",986647.13,0.0014886105881914316,Media,-367967.45360655745
GERMANY,MASTERS OF MANAGEMENT,MASTERS OF MANAGEMENT in Eco-Design & Sustainable,1163626.62,0.0017685223460480778,Media,-190987.96360655734
GERMANY,MASTERS OF MANAGEMENT,MASTERS OF MANAGEMENT in Tourism,1195197.89,0.001818455644440263,Media,-159416.69360655756
GERMANY,MASTERS OF MANAGEMENT,MASTERS OF MANAGEMENT in Data Analysis,1353054.21,0.002068122088953021,Media,-1560.3736065574922
GERMANY,MASTERS OF MANAGEMENT,MASTERS OF MANAGEMENT in Digital Marketing,1353054.21,0.002068122088953021,Media,-1560.3736065574922
GERMANY,MASTERS OF MANAGEMENT,MASTERS OF MANAGEMENT in Fashion Management,2256894.43,0.0034976408699244088,Media,902279.8463934427
GERMANY,MASTERS OF MANAGEMENT,MASTERS OF MANAGEMENT in Media Management,1172646.98,0.001782788998212686,Media,-181967.60360655747
GERMANY,MASTERS OF MANAGEMENT,MASTERS OF MANAGEMENT in Psychology Management,516866.71,0.0007456032308483094,Baja,-837747.8736065575
GERMANY,MASTERS OF MANAGEMENT,MASTERS OF MANAGEMENT in Public Relations Management,1353054.21,0.002068122088953021,Media,-1560.3736065574922
GERMANY,MASTERS OF MANAGEMENT,MASTERS OF MANAGEMENT in Sports Management,1217748.79,0.001854122274851784,Media,-136865.79360655742
GERMANY,MASTERS OF MANAGEMENT,MASTERS OF MANAGEMENT in Stratergic Management,1136565.54,0.0017257223895542529,Media,-218049.04360655742
GERMANY,M.ENG,M.ENG in Mechanical,2329959.35,0.0036132007587841583,Alta,975344.7663934426
GERMANY,M.ENG,M.ENG in Electrical,1298932.04,0.0019825221601493153,Media,-55682.54360655742
GERMANY,M.ENG,M.ENG in Architecture,584519.42,0.0008526031378989281,Baja,-770095.1636065574
GERMANY,M.ENG,M.ENG in Civil ,1298932.04,0.0019825221601493153,Media,-55682.54360655742
GERMANY,M.ENG,M.ENG in IT & Networking,270610.84,0.0003561235603270658,Baja,-1084003.7436065574
GERMANY,M.ENG,M.ENG in Chemical,270610.84,0.0003561235603270658,Baja,-1084003.7436065574
GERMANY,M.ENG,M.ENG in Computer Science Engineering,1044106.83,0.0015794891732349048,Media,-310507.7536065575
GERMANY,M.ENG,M.ENG in Aerospace,3157125.6,0.004921451557095251,Alta,1802511.0163934426
GERMANY,M.ENG,M.ENG in Biomedical,90835.04,7.178914282996002e-05,Baja,-1263779.5436065574
GERMANY,M.ENG,M.ENG in Energy & Environment,1298932.04,0.0019825221601493153,Media,-55682.54360655742
GERMANY,M.ENG,M.ENG in Industrial,1344033.85,0.002053855436788413,Media,-10580.733606557362
GERMANY,M.ENG,M.ENG in International Business,1163626.62,0.0017685223460480778,Media,-190987.96360655734
GERMANY,M.ENG,M.ENG in Production,811832.53,0.0012121228325480717,Baja,-542782.0536065574
GERMANY,M.Sc,M.Sc in Physics,1623665.05,0.002496121717155496,Media,269050.4663934426
GERMANY,M.Sc,M.Sc in Chemistry,1398156.02,0.0021394553655921193,Media,43541.436393442564
GERMANY,M.Sc,M.Sc in Biology,1262850.6,0.001925455551490882,Media,-91763.98360655736
GERMANY,M.Sc,M.Sc in Psychology ,1226769.15,0.0018683889270163922,Media,-127845.43360655755
GERMANY,M.Sc,M.Sc in Nursing,1623665.05,0.002496121717155496,Media,269050.4663934426
GERMANY,M.Sc,M.Sc in Environment,1488359.63,0.0022821219030542583,Media,133745.04639344243
GERMANY,M.Sc,M.Sc in Agriculture,1127545.18,0.0017114557373896443,Media,-227069.40360655752
GERMANY,M.Sc,M.Sc inBusiness & Finance,1894275.9,0.002924121361174027,Media,539661.3163934425
GERMANY,M.Sc,M.Sc inI.T,1804072.28,0.0027814548078958314,Media,449457.6963934426
GERMANY,M.Sc,M.Sc inData Science,2119784.93,0.0032807877127374045,Media,765170.3463934427
ITALY,MBA,MBA in Business Administration,904770.0,0.0013591132583790496,Media,128659.41800000006
ITALY,MBA,MBA in International Business,1664776.0,0.0025611430271482907,Media,888665.4180000001
ITALY,MBA,MBA in Operations,904770.0,0.0013591132583790496,Media,128659.41800000006
ITALY,MASTERS OF MANAGEMENT,MASTERS OF MANAGEMENT in Hotel Management,102600.0,9.039666980787779e-05,Baja,-673510.5819999999
ITALY,MASTERS OF MANAGEMENT,MASTERS OF MANAGEMENT in Marketing,1150324.0,0.0017474828473564555,Media,374213.41800000006
ITALY,MASTERS OF MANAGEMENT,MASTERS OF MANAGEMENT in Luxury And Brand,1221439.0,0.001859958731765295,Media,445328.41800000006
ITALY,MASTERS OF MANAGEMENT,MASTERS OF MANAGEMENT in Global Business Management,832388.0,0.0012446334796364408,Baja,56277.41800000006
ITALY,MASTERS OF MANAGEMENT,MASTERS OF MANAGEMENT in Finance,264645.0,0.0003466879541927533,Baja,-511465.58199999994
ITALY,MASTERS OF MANAGEMENT,MASTERS OF MANAGEMENT in International Business,993437.0,0.0014993494848133965,Media,217326.41800000006
ITALY,MASTERS OF MANAGEMENT,MASTERS OF MANAGEMENT in Supply Chain Management,1311916.0,0.0020030576643907407,Media,535805.4180000001
ITALY,MASTERS OF MANAGEMENT,MASTERS OF MANAGEMENT in Human Resource Management,1311916.5,0.0020030584551935563,Media,535805.9180000001
ITALY,MASTERS OF MANAGEMENT,MASTERS OF MANAGEMENT in Tourism Management,384527.25,0.0005362943957827359,Baja,-391583.33199999994
ITALY,MASTERS OF MANAGEMENT,MASTERS OF MANAGEMENT in Operations,904770.0,0.0013591132583790496,Media,128659.41800000006
ITALY,MASTERS OF MANAGEMENT,MASTERS OF MANAGEMENT in Project Management,1311916.0,0.0020030576643907407,Media,535805.4180000001
ITALY,MASTERS OF MANAGEMENT,MASTERS OF MANAGEMENT in Communication,1872873.0,0.0028902704140262533,Media,1096762.418
ITALY,MASTERS OF MANAGEMENT,MASTERS OF MANAGEMENT in Data Analysis,993437.46,0.0014993502123519867,Media,217326.87800000003
ITALY,MASTERS OF MANAGEMENT,MASTERS OF MANAGEMENT in Digital Marketing,1311916.5,0.0020030584551935563,Media,535805.9180000001
ITALY,MASTERS OF MANAGEMENT,MASTERS OF MANAGEMENT in ENTREPRENEURSHIP AND LEADERSHIP,121601.09,0.00012044890073640142,Baja,-654509.492
ITALY,MASTERS OF MANAGEMENT,MASTERS OF MANAGEMENT in Environment,121601.09,0.00012044890073640142,Baja,-654509.492
ITALY,MASTERS OF MANAGEMENT,MASTERS OF MANAGEMENT in Fashion Management,1890969.3,0.00291889162399641,Media,1114858.718
ITALY,MASTERS OF MANAGEMENT,MASTERS OF MANAGEMENT in Luxury And Brand,1890969.3,0.00291889162399641,Media,1114858.718
ITALY,MASTERS OF MANAGEMENT,MASTERS OF MANAGEMENT in Sports,1311916.5,0.0020030584551935563,Media,535805.9180000001
ITALY,M.ENG,M.ENG in Mechanical,904770.0,0.0013591132583790496,Media,128659.41800000006
ITALY,M.ENG,M.ENG in Electrical,234878.29,0.00029960875805703715,Baja,-541232.2919999999
ITALY,M.ENG,M.ENG in Architechture,904770.0,0.0013591132583790496,Media,128659.41800000006
ITALY,M.ENG,"M.ENG in 
Civil",264645.23,0.00034668831796204824,Baja,-511465.35199999996
ITALY,M.ENG,M.ENG in IT & Networking,271431.0,0.0003574207300009285,Baja,-504679.58199999994
ITALY,M.ENG,M.ENG in Chemical,904770.0,0.0013591132583790496,Media,128659.41800000006
ITALY,M.ENG,M.ENG in Computer Science Engineering,904770.0,0.0013591132583790496,Media,128659.41800000006
ITALY,M.ENG,M.ENG in Aerospace Engineering,904770.0,0.0013591132583790496,Media,128659.41800000006
ITALY,M.ENG,M.ENG in Biomedical,904770.0,0.0013591132583790496,Media,128659.41800000006
ITALY,M.ENG,M.ENG in Electrical,904770.0,0.0013591132583790496,Media,128659.41800000006
ITALY,M.ENG,M.ENG in Energy & Environment,542040.0,0.0007854174480490433,Baja,-234070.58199999994
ITALY,M.ENG,M.ENG in Food Technology,343292.0,0.00047107649221007745,Baja,-432818.58199999994
ITALY,M.ENG,M.ENG in Industrial,235064.68,0.0002999035535304951,Baja,-541045.902
ITALY,M.ENG,M.ENG in Materials,406530.0,0.0005710940690679303,Baja,-369580.58199999994
ITALY,M.ENG,M.ENG in Mechatronics,442666.0,0.0006282469701295604,Baja,-333444.58199999994
ITALY,M.ENG,M.ENG in Nanotechnology,352326.0,0.000485364717475485,Baja,-423784.58199999994
ITALY,M.ENG,M.ENG in Nuclear,316190.0,0.0004282118164138548,Baja,-459920.58199999994
ITALY,M.ENG,M.ENG in Production,406530.0,0.0005710940690679303,Baja,-369580.58199999994
ITALY,M.Sc,M.Sc in Physics,406530.0,0.0005710940690679303,Baja,-369580.58199999994
ITALY,M.Sc,M.Sc in Chemistry,271020.0,0.00035677069008681713,Baja,-505090.58199999994
ITALY,M.Sc,M.Sc in Biology,252952.0,0.00032819423955600207,Baja,-523158.58199999994
ITALY,M.Sc,M.Sc in Environment,623346.0,0.0009140114754377112,Baja,-152764.58199999994
ITALY,M.Sc,M.Sc in Mathematics,442666.0,0.0006282469701295604,Baja,-333444.58199999994
RUSSIA,MBA,MBA in Executive MBA,1158602.0,0.0017605753787652493,Media,803780.3522727273
RUSSIA,MBA,MBA in Marketing,,,Baja,
RUSSIA,MBA,MBA in Finance,376483.0,0.0005235715646900578,Baja,21661.352272727294
RUSSIA,MASTERS OF MANAGEMENT,MASTER OF MANAGEMENT in Marketing,209728.83,0.00025983223051847653,Baja,-145092.81772727272
RUSSIA,MASTERS OF MANAGEMENT,MASTER OF MANAGEMENT in Management,207017.98,0.0002555447348951945,Baja,-147803.6677272727
RUSSIA,MASTERS OF MANAGEMENT,MASTER OF MANAGEMENT in Finance,367861.29,0.0005099354196100248,Baja,13039.642272727273
RUSSIA,MASTERS OF MANAGEMENT,MASTER OF MANAGEMENT in International Business,494819.06,0.0007107325434703082,Baja,139997.4122727273
RUSSIA,MASTERS OF MANAGEMENT,MASTER OF MANAGEMENT in Business Administration,138524.04,0.0001472143337400796,Baja,-216297.6077272727
RUSSIA,MASTERS OF MANAGEMENT,MASTER OF MANAGEMENT in Economics,456686.55,0.0006504219509514455,Baja,101864.90227272728
RUSSIA,MASTERS OF MANAGEMENT,MASTER OF MANAGEMENT in Commerce,467981.73,0.0006682864712362945,Baja,113160.08227272728
RUSSIA,M.ENG,M.ENG in Electrical,373373.33,0.000518653293109243,Baja,18551.68227272731
RUSSIA,M.ENG,M.ENG in Civil Engineering,369397.43,0.0005123649872831711,Baja,14575.782272727287
RUSSIA,M.ENG,M.ENG in Computer Engineering,316264.92,0.00042833031030768746,Baja,-38556.72772727272
RUSSIA,M.ENG,M.ENG in Biology,271084.22,0.00035687226080040405,Baja,-83737.42772727273
RUSSIA,M.ENG,M.ENG in Biomedical,292319.15,0.00039045754565043296,Baja,-62502.49772727268
RUSSIA,M.ENG,M.ENG in Mechatronics,316264.92,0.00042833031030768746,Baja,-38556.72772727272
RUSSIA,M.ENG,M.ENG in Nanotechnology,355120.33,0.0004897842455367964,Baja,298.6822727273102
RUSSIA,M.ENG,M.ENG in Nuclear,369397.43,0.0005123649872831711,Baja,14575.782272727287
RUSSIA,M.Sc,M.Sc in Physics,250120.37,0.0003237157176046753,Baja,-104701.27772727271
RUSSIA,M.Sc,M.Sc in Chemistry,105632.48,9.51928572500787e-05,Baja,-249189.16772727272
RUSSIA,M.Sc,M.Sc in Biology,307228.78,0.0004140387004062309,Baja,-47592.86772727268
RUSSIA,M.Sc,M.Sc in Psychology ,195993.89,0.00023810897208070188,Baja,-158827.7577272727
RUSSIA,M.Sc,M.Sc in Mathematics,406174.52,0.000570531839898421,Baja,51352.87227272731
SINGAPORE,MBA,MBA in Banking,1391179.27,0.0021284208985099373,Media,-417582.08125000005
SINGAPORE,MBA,MBA in Business Administration,2086768.9,0.0032285693737945822,Media,278007.54874999984
SINGAPORE,MBA,MBA in Supplychain & Logistics Management,1623042.48,0.0024951370569381522,Media,-185718.87125000008
SINGAPORE,MBA,MBA in Executive MBA,5881710.3,0.009230670059229723,Alta,4072948.9487499995
SINGAPORE,MBA,MBA in Finance,1411610.47,0.0021607349994666116,Media,-397150.8812500001
SINGAPORE,MBA,MBA in Marketing,1457425.9,0.0022331969415157046,Media,-351335.45125000016
SINGAPORE,MASTERS OF MANAGEMENT,MASTERS OF MANAGEMENT in Hotel Management,1647683.75,0.002534109828311379,Media,-161077.60125000007
SINGAPORE,MASTERS OF MANAGEMENT,MASTERS OF MANAGEMENT in Marketing,1552585.78,0.0023837023435158322,Media,-256175.57125000004
SINGAPORE,MASTERS OF MANAGEMENT,MASTERS OF MANAGEMENT in Logistics & Supply Chain ,1604778.22,0.0024662502004863065,Media,-203983.1312500001
SINGAPORE,MASTERS OF MANAGEMENT,MASTERS OF MANAGEMENT in Finance,1552585.78,0.0023837023435158322,Media,-256175.57125000004
SINGAPORE,MASTERS OF MANAGEMENT,MASTERS OF MANAGEMENT in International Business ,1997057.34,0.0030866810653829018,Media,188295.98875000002
SINGAPORE,MASTERS OF MANAGEMENT,MASTERS OF MANAGEMENT in Supply Chain Management,1647683.75,0.002534109828311379,Media,-161077.60125000007
SINGAPORE,MASTERS OF MANAGEMENT,MASTERS OF MANAGEMENT in Hospital/Healthcare Management,1454763.65,0.0022289863119260623,Media,-353997.70125000016
SINGAPORE,MASTERS OF MANAGEMENT,MASTERS OF MANAGEMENT in Retail,684383.43,0.0010105486183933836,Baja,-1124377.9212500001
SINGAPORE,MASTERS OF MANAGEMENT,MASTERS OF MANAGEMENT in Human Resource Management,1281903.28,0.00195558937745388,Media,-526858.07125
SINGAPORE,MASTERS OF MANAGEMENT,MASTERS OF MANAGEMENT in Aviation,1647683.75,0.002534109828311379,Media,-161077.60125000007
SINGAPORE,MASTERS OF MANAGEMENT,MASTERS OF MANAGEMENT in Accounting,2086768.9,0.0032285693737945822,Media,278007.54874999984
SINGAPORE,MASTERS OF MANAGEMENT,MASTERS OF MANAGEMENT in Commerce,4624881.68,0.007242862837337837,Alta,2816120.3287499994
SINGAPORE,MASTERS OF MANAGEMENT,MASTERS OF MANAGEMENT in Operations,1647683.75,0.002534109828311379,Media,-161077.60125000007
SINGAPORE,MASTERS OF MANAGEMENT,MASTERS OF MANAGEMENT in Communication,1967586.88,0.0030400704199152035,Media,158825.52874999982
SINGAPORE,MASTERS OF MANAGEMENT,MASTERS OF MANAGEMENT in Entrepreneurship & Leadership Management,650083.77,0.0009563000830151582,Baja,-1158677.58125
SINGAPORE,MASTERS OF MANAGEMENT,MASTERS OF MANAGEMENT in Project Management,2057979.48,0.00318303586502544,Media,249218.12874999992
SINGAPORE,M.ENG,M.ENG in Mechanical,1666629.05,0.00256407382146178,Media,-142132.30125000002
SINGAPORE,M.ENG,M.ENG in Electrical,744624.52,0.0011058262655213103,Baja,-1064136.83125
SINGAPORE,M.ENG,M.ENG in Architecture,1666629.05,0.00256407382146178,Media,-142132.30125000002
SINGAPORE,M.ENG,M.ENG in Civil Engineering,2358875.39,0.003658934530458227,Alta,550114.0387500001
SINGAPORE,M.ENG,M.ENG in Computer Engineering,2285756.45,0.003543289203262321,Alta,476995.0987500001
SINGAPORE,M.ENG,M.ENG in Aerospace Engineering,1647683.75,0.002534109828311379,Media,-161077.60125000007
SINGAPORE,M.ENG,M.ENG in Biomedical,1666629.05,0.00256407382146178,Media,-142132.30125000002
SINGAPORE,M.ENG,M.ENG in Energy Engineering,2474280.74,0.003841460281801287,Alta,665519.3887500002
SINGAPORE,M.ENG,M.ENG in Mechatronics,594362.3,0.0008681706923266871,Baja,-1214399.05125
SINGAPORE,M.Sc,M.Sc in Biology,817062.43,0.0012203944718347172,Baja,-991698.92125
UK,MBA,MBA in Sales & Marketing,1835358.2,0.0028309367951213703,Media,-467905.7324000003
UK,MBA,MBA in Banking,2655936.26,0.004128767675034045,Alta,352672.3275999995
UK,MBA,MBA in Business Administration,4355735.47,0.006817179676189876,Alta,2052471.5375999995
UK,MBA,MBA in Human Resource Management,2655936.26,0.004128767675034045,Alta,352672.3275999995
UK,MBA,MBA in International Business,1168611.96,0.0017764071878617423,Media,-1134651.9724000003
UK,MBA,MBA in Entrepreneurship & Leadership Management,1274849.41,0.001944432936945478,Media,-1028414.5224000004
UK,MBA,MBA in Executive MBA,4508000.0,0.007058002114154389,Alta,2204736.0675999997
UK,MASTERS OF MANAGEMENT,MASTERS OF MANAGEMENT in Hotel Management,1563433.71,0.002400859490682466,Media,-739830.2224000003
UK,MASTERS OF MANAGEMENT,MASTERS OF MANAGEMENT in Marketing,2352000.0,0.0036480603749227463,Alta,48736.06759999972
UK,MASTERS OF MANAGEMENT,MASTERS OF MANAGEMENT in Luxury & Brand ,1563576.93,0.002401086008240858,Media,-739687.0024000003
UK,MASTERS OF MANAGEMENT,MASTERS OF MANAGEMENT in Logistics & Supply Chain ,2603144.29,0.004045271598039952,Alta,299880.35759999976
UK,MASTERS OF MANAGEMENT,MASTERS OF MANAGEMENT in International Business ,1764306.4,0.0027185608681883746,Media,-538957.5324000004
UK,MASTERS OF MANAGEMENT,MASTERS OF MANAGEMENT in Supply Chain Management,1864671.13,0.0028772982902541045,Media,-438592.8024000004
UK,MASTERS OF MANAGEMENT,MASTERS OF MANAGEMENT in Real Estate,1829807.6,0.0028221579349090426,Media,-473456.3324000002
UK,MASTERS OF MANAGEMENT,MASTERS OF MANAGEMENT in Human Resource Management,2232956.89,0.0034597811218814926,Media,-70307.04240000015
UK,MASTERS OF MANAGEMENT,"MASTERS OF MANAGEMENT in Sports,Leisure & Tourism",1109294.44,0.0016825902642459223,Media,-1193969.4924000003
UK,MASTERS OF MANAGEMENT,MASTERS OF MANAGEMENT in Communication,1553012.22,0.0023843768034208777,Media,-750251.7124000003
UK,MASTERS OF MANAGEMENT,MASTERS OF MANAGEMENT in Banking,1690353.44,0.0026015964502645677,Media,-612910.4924000003
UK,MASTERS OF MANAGEMENT,MASTERS OF MANAGEMENT in Digital Marketing,1584706.35,0.002434504417880819,Media,-718557.5824000002
UK,MASTERS OF MANAGEMENT,MASTERS OF MANAGEMENT in Project Management,2551377.22,0.003963396508656499,Alta,248113.28759999992
UK,MASTERS OF MANAGEMENT,MASTERS OF MANAGEMENT in Entrepreneurship & Leadership Management,2930200.0,0.0045625447504439596,Alta,626936.0675999997
UK,MASTERS OF MANAGEMENT,MASTERS OF MANAGEMENT in Environment,1584706.35,0.002434504417880819,Media,-718557.5824000002
UK,MASTERS OF MANAGEMENT,MASTERS OF MANAGEMENT in Fashion,2013210.94,0.0031122296900947992,Media,-290052.99240000034
UK,MASTERS OF MANAGEMENT,MASTERS OF MANAGEMENT in Sports,1956584.1,0.0030226683611166956,Media,-346679.8324000002
UK,MASTERS OF MANAGEMENT,MASTERS OF MANAGEMENT in Stratergic Management,2930200.0,0.0045625447504439596,Alta,626936.0675999997
UK,M.ENG,M.ENG in Mechanical,3296189.2,0.005141395329844701,Alta,992925.2675999999
UK,M.ENG,M.ENG in Marine,686706.08,0.0010142221347109281,Baja,-1616557.8524000002
UK,M.ENG,M.ENG in Electrical,2218588.89,0.0034370566121833105,Media,-84675.04240000015
UK,M.ENG,M.ENG in Architecture,2295922.56,0.003559367980078007,Alta,-7341.372400000226
UK,M.ENG,M.ENG in Civil Engineering,3296189.2,0.005141395329844701,Alta,992925.2675999999
UK,M.ENG,M.ENG in Chemical,3063765.6,0.0047737928554372425,Alta,760501.6675999998
UK,M.ENG,M.ENG in Computer Engineering,2742598.45,0.004265833082684427,Alta,439334.5175999999
UK,M.ENG,M.ENG in Aerospace Engineering,2583071.35,0.00401352412311644,Alta,279807.4175999998
UK,M.ENG,M.ENG in Agriculture,2060118.25,0.0031864185556996594,Media,-243145.68240000028
UK,M.ENG,M.ENG in Biomedical,2186894.76,0.0033869289977233683,Media,-116369.1724000005
UK,M.ENG,M.ENG in Energy Engineering,2590466.64,0.004025220555419187,Alta,287202.70759999985
UK,M.ENG,M.ENG in Industrial,2720412.56,0.004230743754144074,Alta,417148.6275999998
UK,M.ENG,M.ENG in Materials,2060118.25,0.0031864185556996594,Media,-243145.68240000028
UK,M.ENG,M.ENG in Textile,1360311.93,0.0020796009397691883,Media,-942952.0024000003
UK,M.Sc,M.Sc in Physics,2799647.88,0.004356062782385899,Alta,496383.9475999996
UK,M.Sc,M.Sc in Biotechnology,3026789.12,0.004715310646475339,Alta,723525.1875999998
UK,M.Sc,M.Sc in Chemistry,3074330.31,0.004790502060257223,Alta,771066.3775999998
UK,M.Sc,M.Sc in Biology,2609483.12,0.004055297127258363,Alta,306219.18759999983
UK,M.Sc,M.Sc in Psychology ,3296189.2,0.005141395329844701,Alta,992925.2675999999
UK,M.Sc,M.Sc in Business Analytics,3602565.76,0.005625962222175965,Alta,1299301.8275999995
UK,M.Sc,M.Sc in Environment,3289319.24,0.005130529762427794,Alta,986055.3076
UK,M.Sc,M.Sc in Botany,1603543.13,0.002464296775188205,Media,-699720.8024000004
UK,M.Sc,M.Sc in Forensic Science,538000.42,0.000779028425576425,Baja,-1765263.5124000004
UK,M.Sc,M.Sc in Mathematics,2609483.12,0.004055297127258363,Alta,306219.18759999983
UK,M.Sc,M.Sc in Zoology,1420522.03,0.0021748295729386276,Media,-882741.9024000003
USA,MBA,MBA in Sales & Marketing,2638614.4,0.0041013713237283275,Alta,-604718.2732727276
USA,MBA,MBA in Business Administration,1417822.57,0.0021705600918034765,Media,-1825510.1032727275
USA,MBA,MBA in Hospital/Healthcare Management,2058338.9,0.0031836043257211333,Media,-1184993.7732727276
USA,MBA,MBA in International Business,2660913.49,0.004136639690026048,Alta,-582419.1832727273
USA,MBA,MBA in Supply Chain & Logistics Management,4676151.91,0.007323952121779863,Alta,1432819.2367272726
USA,MBA,MBA in Entrepreneurship & Leadership Management,2479691.8,0.003850018444763942,Alta,-763640.8732727277
USA,MBA,MBA in Finance,2660913.49,0.004136639690026048,Alta,-582419.1832727273
USA,MBA,MBA in Accounting,2058338.9,0.0031836043257211333,Media,-1184993.7732727276
USA,MBA,MBA in Project Management,2321434.85,0.0035997183615874605,Alta,-921897.8232727274
USA,MBA,MBA in Executive MBA,7779718.92,0.01223257117924802,Alta,4536386.246727273
USA,MASTERS OF MANAGEMENT,MASTER OF MANAGEMENT in Hotel Management,4219519.85,0.00660174028464381,Alta,976187.1767272721
USA,MASTERS OF MANAGEMENT,MASTER OF MANAGEMENT in Marketing,5325155.2,0.008350419379418852,Alta,2081822.5267272727
USA,MASTERS OF MANAGEMENT,MASTER OF MANAGEMENT in Logistics & Supply Chain ,869498.0,0.0013033268645821208,Media,-2373834.6732727275
USA,MASTERS OF MANAGEMENT,MASTER OF MANAGEMENT in International Business ,3032509.48,0.00472435800005949,Alta,-210823.19327272754
USA,MASTERS OF MANAGEMENT,MASTER OF MANAGEMENT in Supply Chain Management,4153621.06,0.006497514387340537,Alta,910288.3867272725
USA,MASTERS OF MANAGEMENT,MASTER OF MANAGEMENT in Hospital/Healthcare Management,4219519.85,0.00660174028464381,Alta,976187.1767272721
USA,MASTERS OF MANAGEMENT,MASTER OF MANAGEMENT in Real Estate,5325155.2,0.008350419379418852,Alta,2081822.5267272727
USA,MASTERS OF MANAGEMENT,MASTER OF MANAGEMENT in Risk Management,5325155.2,0.008350419379418852,Alta,2081822.5267272727
USA,MASTERS OF MANAGEMENT,"MASTER OF MANAGEMENT in Sports,Leisure & Tourism",3983382.5,0.006228264122326302,Alta,740049.8267272725
USA,MASTERS OF MANAGEMENT,MASTER OF MANAGEMENT in Wine & Gastronomy,207181.82,0.00025580386516168603,Baja,-3036150.8532727277
USA,MASTERS OF MANAGEMENT,MASTER OF MANAGEMENT in Public Relations Management,2396319.84,0.0037181568834070075,Alta,-847012.8332727277
USA,MASTERS OF MANAGEMENT,MASTER OF MANAGEMENT in Sports Management,2034375.7,0.00314570399367774,Media,-1208956.9732727276
USA,MASTERS OF MANAGEMENT,MASTER OF MANAGEMENT in Spriti Marketing,2571051.5,0.003994513460679379,Alta,-672281.1732727275
USA,MASTERS OF MANAGEMENT,MASTER OF MANAGEMENT in Finance,3292942.85,0.005136260884406317,Alta,49610.17672727257
USA,MASTERS OF MANAGEMENT,MASTER OF MANAGEMENT in Eco-Design & Sustainable,1514341.01,0.002323214199948896,Media,-1728991.6632727275
USA,M.ENG,M.ENG in Mechanical,4447336.65,0.006962056618232952,Alta,1204003.9767272728
USA,M.ENG,M.ENG in Marine,877568.94,0.0013160919087290754,Media,-2365763.7332727276
USA,M.ENG,M.ENG in Electrical,3022857.63,0.004709092579755315,Alta,-220475.04327272763
USA,M.ENG,M.ENG in Architecture,4125331.17,0.006452770938031968,Alta,881998.4967272724
USA,M.ENG,M.ENG in Civil ,4397995.76,0.006884018788797962,Alta,1154663.0867272723
USA,M.ENG,M.ENG in IT & Networking,4203544.39,0.00657647340715892,Alta,960211.7167272721
USA,M.ENG,M.ENG in Chemical,4125331.17,0.006452770938031968,Alta,881998.4967272724
USA,M.ENG,M.ENG in Computer Science Engineering,4447336.65,0.006962056618232952,Alta,1204003.9767272728
USA,M.ENG,M.ENG in Aerospace,3814641.65,0.005961382643880834,Alta,571308.9767272724
USA,M.ENG,M.ENG in Biomedical,4422541.39,0.006922840295408693,Alta,1179208.7167272721
USA,M.ENG,M.ENG in Energy & Environment,4005515.18,0.00626326929363106,Alta,762182.5067272726
USA,M.ENG,M.ENG in Industrial,3371156.06,0.005259963337717212,Alta,127823.38672727253
USA,M.ENG,M.ENG in Production,1637485.22,0.002517979775841153,Media,-1605847.4532727276
USA,M.ENG,M.ENG in Nuclear ,839876.82,0.0012564778395138029,Baja,-2403455.8532727277
USA,M.ENG,M.ENG in Nanotechnology,1457178.8,0.002232806126764423,Media,-1786153.8732727275
USA,M.ENG,M.ENG in Software,4214361.11,0.006593581192413828,Alta,971028.4367272728
USA,M.ENG,M.ENG in Bio Engineering,3287950.51,0.005128364971353239,Alta,44617.83672727225
USA,M.Sc,M.Sc in Physics,4447336.65,0.006962056618232952,Alta,1204003.9767272728
USA,M.Sc,M.Sc in Chemistry,4613747.75,0.0072252533509608976,Alta,1370415.0767272725
USA,M.Sc,M.Sc in Biology,4863364.4,0.007620048450052816,Alta,1620031.7267272728
USA,M.Sc,M.Sc in Psychology ,2492172.63,0.003869758195764524,Alta,-751160.0432727276
USA,M.Sc,M.Sc in NeuroScience,3729272.75,0.0058263627109762465,Alta,485940.0767272725
USA,M.Sc,M.Sc in Environment,3729272.75,0.0058263627109762465,Alta,485940.0767272725
USA,M.Sc,M.Sc in Agriculture,2537353.25,0.003941216118743357,Alta,-705979.4232727275
USA,M.Sc,M.Sc in Forensic Science,1535142.4,0.0023561137954939033,Media,-1708190.2732727276
USA,M.Sc,M.Sc in Botany,1808722.25,0.002788809226629215,Media,-1434610.4232727275
USA,M.Sc,M.Sc in Energy & Environment,2396319.84,0.0037181568834070075,Alta,-847012.8332727277
USA,M.Sc,M.Sc in Zoology,2098277.56,0.003246771535249418,Media,-1145055.1132727275
USA,M.Sc,M.Sc in Mathematics,4397995.76,0.006884018788797962,Alta,1154663.0867272723
USA,M.Sc,M.Sc in Geology,3814641.65,0.005961382643880834,Alta,571308.9767272724
